demo,gps,fused1,fused2,,,,,
51.7505242,7.1633183,0,51.7524382,7.171509,51.7524382,7.171509,51.7524382,7.171509