Demo Route,gps,fused1,fused2,,,,,
51.7524342,7.1633183,1701086180063077300,51.7524393,7.171510,51.7524381,7.171508,51.7524391,7.171512
51.7524341,7.1633182,1701086183064065700,51.7524380,7.171505,51.7524383,7.171510,51.7524381,7.171507
51.7524340,7.1633181,1701086188064833300,51.7524376,7.171510,51.7524381,7.171510,51.7524379,7.171509