route1,GPS,Accuracy high,Balanced
7.27074,51.44787,3528435630400,7.182978333333334,51.74464,7.1829783,51.74464,7.182978333333334,51.74464
